threshold,precision,recall,f1_score,fpr,fnr,tp,fp,tn,fn
0.3,0.6031,0.8359,0.7007,0.3516,0.1641,652,429,791,128
0.35,0.6551,0.7962,0.7188,0.268,0.2038,621,327,893,159
0.4,0.718,0.741,0.7293,0.1861,0.259,578,227,993,202
0.45,0.7834,0.691,0.7343,0.1221,0.309,539,149,1071,241
0.5,0.8217,0.6615,0.733,0.0918,0.3385,516,112,1108,264
0.55,0.8432,0.641,0.7283,0.0762,0.359,500,93,1127,280
0.6,0.8628,0.6128,0.7166,0.0623,0.3872,478,76,1144,302
0.65,0.8855,0.5949,0.7117,0.0492,0.4051,464,60,1160,316
0.7,0.8929,0.5769,0.7009,0.0443,0.4231,450,54,1166,330
